org_code,trustname,nat_group,geog_code,add_1,add_2,add_3,add_4,add_5,postcode,open_date,close_date,gor_code,ignore1,ingore2,nhs_region
rtq,2gether_nhs_foundation_trust,y57,q82,rikenel,montpellier,,gloucester,gloucestershire,gl11ly,20020401,NA,j,Q86,11M,south_west
rtv,5_boroughs_partnership_nhs_foundation_trust,y54,q75,hollins_park_hospital,hollins_lane,winwick,warrington,cheshire,wa28wa,20020401,NA,b,Q75,02E,north_west
rem,aintree_university_hospital_nhs_foundation_trust,y54,q75,university_hospital_aintree,fazakerley_hospital,lower_lane,liverpool,merseyside,l97al,19920401,NA,b,Q75,99A,north_west
rcf,airedale_nhs_foundation_trust,y54,q72,airedale_general_hospital,skipton_road,steeton,keighley,west_yorkshire,bd206td,19920401,NA,d,Q72,02N,north_east_and_yorkshire
rbs,alder_hey_children_s_nhs_foundation_trust,y54,q75,alder_hey_hospital,eaton_road,west_derby,liverpool,merseyside,l122ap,19910401,NA,b,Q75,99A,north_west
rtk,ashford_and_st_peter_s_hospitals_nhs_foundation_trust,y57,q81,st_peters_hospital,guildford_road,,chertsey,surrey,kt160pz,19980401,NA,j,Q88,09Y,south_east
rvn,avon_and_wiltshire_mental_health_partnership_nhs_trust,y57,q82,jenner_house,avon_way_langley_park,,chippenham,wiltshire,sn151gg,19990401,NA,j,Q86,99N,south_west
rf4,barking_havering_and_redbridge_university_hospitals_nhs_trust,y56,q71,queens_hospital,rom_valley_way,,romford,essex,rm70ag,20010401,NA,h,Q71,08F,london
rrp,barnet_enfield_and_haringey_mental_health_nhs_trust,y56,q71,trust_headquarters_block_b2,st_ann_s_hospital,st_ann_s_road,london,greater_london,n153th,20010401,NA,h,Q71,08D,london
rff,barnsley_hospital_nhs_foundation_trust,y54,q72,gawber_road,,,barnsley,south_yorkshire,s752ep,19930401,NA,d,Q72,02P,north_east_and_yorkshire
r1h,barts_health_nhs_trust,y56,q71,the_royal_london_hospital,whitechapel,,london,greater_london,e11bb,20120401,NA,h,Q71,08V,london
rdd,basildon_and_thurrock_university_hospitals_nhs_foundation_trust,y55,q79,basildon_hospital,,nethermayne,basildon,essex,ss165nl,19920401,NA,g,Q79,99E,east_of_england
rc1,bedfordshire_hospitals_nhs_foundation_trust,y55,q78,south_wing,kempston_road,,bedford,bedfordshire,mk429dj,19920401,NA,e,Q79,06F,east_of_england
rwx,berkshire_healthcare_nhs_foundation_trust,y57,q82,fitzwilliam_house,skimped_hill_lane,,bracknell,berkshire,rg121bq,20010401,NA,j,Q87,15D,south_east
rxt,birmingham_and_solihull_mental_health_nhs_foundation_trust,y55,q77,unit_1,50_summer_hill_road,,birmingham,west_midlands,b13rb,20030401,NA,f,Q77,05L,midlands
rq3,birmingham_children_s_hospital_nhs_foundation_trust,y55,q77,steelhouse_lane,,,birmingham,west_midlands,b46nh,19950401,NA,f,Q77,15E,midlands
ryw,birmingham_community_healthcare_nhs_foundation_trust,y55,q77,3_priestley_wharf,holt_street,birmingham_science_park_aston,birmingham,west_midlands,b74bn,20101101,NA,f,Q77,15E,midlands
rlu,birmingham_women_s_and_children_s_nhs_foundation_trust,y55,q77,birmingham_womens_hospital,metchley_park_road,,birmingham,west_midlands,b152tg,19940401,NA,f,Q77,15E,midlands
,black_country_healthcare_nhs_foundation_trust,,,,,,,,,,,,,,midlands
rxl,blackpool_teaching_hospitals_nhs_foundation_trust,y54,q84,victoria_hospital,whinney_heys_road,,blackpool,lancashire,fy38nr,20020401,NA,b,Q84,00R,north_west
rmc,bolton_nhs_foundation_trust,y54,q83,the_royal_bolton_hospital,minerva_road,farnworth,bolton,lancashire,bl40jr,19940401,NA,b,Q83,00T,north_west
rae,bradford_teaching_hospitals_nhs_foundation_trust,y54,q72,bradford_royal_infirmary,duckworth_lane,,bradford,west_yorkshire,bd96rj,19910401,NA,d,Q72,02R,north_east_and_yorkshire
,bradford_district_care_nhs_foundation_trust,y54,q72,bradford_royal_infirmary,duckworth_lane,,bradford,west_yorkshire,bd96rj,19910401,NA,d,Q72,02R,north_east_and_yorkshire
ry2,bridgewater_community_healthcare_nhs_foundation_trust,y54,q83,bevan_house,17_beecham_court,,wigan,lancashire,wn36pr,20101101,NA,b,Q83,02H,north_west
rxh,brighton_and_sussex_university_hospitals_nhs_trust,y57,q81,royal_sussex_county_hospital,eastern_road,,brighton,east_sussex,bn25be,20020401,NA,j,Q88,09D,south_east
rxq,buckinghamshire_healthcare_nhs_trust,y57,q82,amersham_hospital,whielden_street,,amersham,buckinghamshire,hp70jd,20030401,NA,j,Q87,14Y,south_east
rjf,burton_hospitals_nhs_foundation_trust,y55,q76,queen_s_hospital,belvedere_road,,burton_on_trent,staffordshire,de130rb,19930401,NA,e,Q76,05D,midlands
rwy,calderdale_and_huddersfield_nhs_foundation_trust,y54,q72,royal_infirmary,acre_street,,huddersfield,west_yorkshire,hd33ea,20010401,NA,d,Q72,03A,north_east_and_yorkshire
rjx,calderstones_partnership_nhs_foundation_trust,y54,q84,mitton_road,,whalley,clitheroe,lancashire,bb79pe,19930401,NA,b,Q84,01A,north_west
rgt,cambridge_university_hospitals_nhs_foundation_trust,y55,q79,addenbrookes_hospital,hills_road,,cambridge,cambridgeshire,cb20qq,19930401,NA,g,Q79,06H,east_of_england
rt1,cambridgeshire_and_peterborough_nhs_foundation_trust,y55,q79,elizabeth_house_fulbourn_hospital,cambridge_road,fulbourn,cambridge,cambridgeshire,cb215ef,20020401,NA,g,Q79,06H,east_of_england
ryv,cambridgeshire_community_services_nhs_trust,y55,q79,unit_3,meadow_lane,,st_ives,cambridgeshire,pe274lg,20100401,NA,g,Q79,06H,east_of_england
,camden_and_islington_nhs_foundation_trust,,,,,,,,,,,,,,london
rv3,central_and_north_west_london_nhs_foundation_trust,y56,q71,stephenson_house,75_hampstead_road,,london,greater_london,nw12pl,19990401,NA,h,Q71,07R,london
ryx,central_london_community_healthcare_nhs_trust,y56,q71,7th_floor,64_victoria_street,,london,greater_london,sw1e6qp,20101101,NA,h,Q71,09A,london
rqm,chelsea_and_westminster_hospital_nhs_foundation_trust,y56,q71,chelsea_westminster_hospital,369_fulham_road,,london,greater_london,sw109nh,19940401,NA,h,Q71,08Y,london
rxa,cheshire_and_wirral_partnership_nhs_foundation_trust,y54,q75,trust_board_offices,upton_lea_resource_centre,the_countess_of_chester_health_park,chester,cheshire,ch21bq,20020401,NA,b,Q75,02F,north_west
rfs,chesterfield_royal_hospital_nhs_foundation_trust,y55,q76,calow,,,chesterfield,derbyshire,s445bl,19930401,NA,e,Q76,15M,midlands
rln,city_hospitals_sunderland_nhs_foundation_trust,y54,q74,sunderland_royal_hospital,kayll_road,,sunderland,tyne_and_wear,sr47tp,19940401,NA,a,Q74,00P,north_east_and_yorkshire
rde,colchester_hospital_university_nhs_foundation_trust,y55,q79,colchester_district_general_ho,turner_road,,colchester,essex,co45jl,19920401,NA,g,Q79,06T,east_of_england
rj8,cornwall_partnership_nhs_foundation_trust,y57,q80,porthpean_road,,,st_austell,cornwall,pl266ad,19930401,NA,k,Q85,11N,south_west
rjr,countess_of_chester_hospital_nhs_foundation_trust,y54,q75,the_countess_of_chester_health_park,,,chester,cheshire,ch21ul,19930401,NA,b,Q75,02F,north_west
rxp,county_durham_and_darlington_nhs_foundation_trust,y54,q74,darlington_memorial_hospital,hollyhurst_road,,darlington,county_durham,dl36hx,20021001,NA,a,Q74,00C,north_east_and_yorkshire
ryg,coventry_and_warwickshire_partnership_nhs_trust,y55,q77,wayside_house,wilsons_lane,,coventry,west_midlands,cv66ny,20061001,NA,f,Q77,05A,midlands
rj6,croydon_health_services_nhs_trust,y56,q71,croydon_university_hospital,london_road,,thornton_heath,surrey,cr77ye,19930401,NA,h,Q71,07V,london
,cumbria_northumberland_tyne_and_wear_nhs_foundation_trust,y54,q74,carleton_clinic,cumwhinton_road,,carlisle,cumbria,ca13sx,20010401,NA,a,Q74,01H,north_east_and_yorkshire
rnn,cumbria_partnership_nhs_foundation_trust,y54,q74,carleton_clinic,cumwhinton_road,,carlisle,cumbria,ca13sx,20010401,NA,a,Q74,01H,north_east_and_yorkshire
rn7,dartford_and_gravesham_nhs_trust,y57,q81,darent_valley_hospital,darenth_wood_road,,dartford,kent,da28da,19940401,NA,j,Q88,09J,south_east
rtg,derby_hospitals_nhs_foundation_trust,y55,q76,royal_derby_hospital,uttoxeter_road,,derby,derbyshire,de223ne,19980401,NA,e,Q76,15M,midlands
ry8,derbyshire_community_health_services_nhs_foundation_trust,y55,q76,newholme_hospital,baslow_road,,bakewell,derbyshire,de451ad,20110401,NA,e,Q76,15M,midlands
rxm,derbyshire_healthcare_nhs_foundation_trust,y55,q76,trust_headquarters,kingsway_hospital,kingsway,derby,derbyshire,de223lz,20020401,NA,e,Q76,15M,midlands
rwv,devon_partnership_nhs_trust,y57,q80,wonford_house_hospital,dryden_road,,exeter,devon,ex25af,20010401,NA,k,Q85,15N,south_west
rp5,doncaster_and_bassetlaw_teaching_hospitals_nhs_foundation_trust,y54,q72,doncaster_royal_infirmary,armthorpe_road,,doncaster,south_yorkshire,dn25lt,20010401,NA,d,Q72,02X,north_east_and_yorkshire
rbd,dorset_county_hospital_nhs_foundation_trust,y57,q70,dorset_county_hospital,williams_avenue,,dorchester,dorset,dt12jy,19910401,NA,j,Q85,11J,south_west
rdy,dorset_healthcare_university_nhs_foundation_trust,y57,q70,sentinel_house,4_6_nuffield_road,nuffield_industrial_estate,poole,dorset,bh170rb,19920401,NA,j,Q85,11J,south_west
ryk,dudley_and_walsall_mental_health_partnership_nhs_trust,y55,q77,trafalgar_house,47_49_king_street,,dudley,west_midlands,dy28ps,20081001,NA,f,Q77,05C,midlands
rwh,east_and_north_hertfordshire_nhs_trust,y55,q78,lister_hospital,coreys_mill_lane,,stevenage,hertfordshire,sg14ab,20000401,NA,e,Q79,06K,east_of_england
rjn,east_cheshire_nhs_trust,y54,q75,macclesfield_district_gen_hospital,victoria_road,,macclesfield,cheshire,sk103bl,19930401,NA,b,Q75,01C,north_west
rvv,east_kent_hospitals_university_nhs_foundation_trust,y57,q81,kent_canterbury_hospital,ethelbert_road,,canterbury,kent,ct13ng,19990401,NA,j,Q88,09E,south_east
rxr,east_lancashire_hospitals_nhs_trust,y54,q84,royal_blackburn_hospital,haslingden_road,,blackburn,lancashire,bb23hh,20030401,NA,b,Q84,00Q,north_west
rwk,east_london_nhs_foundation_trust,y56,q71,20_24_commercial_street,,,london,greater_london,e16lp,20000401,NA,h,Q71,08V,london
rx9,east_midlands_ambulance_service_nhs_trust,y55,q76,1_horizon_place,mellors_way,nottingham_business_park,nottingham,nottinghamshire,ng86py,20060701,NA,e,Q76,04K,midlands
ryc,east_of_england_ambulance_service_nhs_trust,y55,q79,ambulance_station,hospital_lane,hellesdon,norwich,norfolk,nr65na,20060701,NA,g,Q79,06W,east_of_england
,east_suffolk_and_north_essex_nhs_foundation_trust,,,,,,,,ip155es,NA,NA,,Q79,06L,east_of_england
rxc,east_sussex_healthcare_nhs_trust,y57,q81,st_annes_house,729_the_ridge,,st_leonards_on_sea,east_sussex,tn377pt,20020401,NA,j,Q88,09P,south_east
rvr,epsom_and_st_helier_university_hospitals_nhs_trust,y56,q71,st_helier_hospital,wrythe_lane,,carshalton,surrey,sm51aa,19990401,NA,h,Q71,08T,london
,essex_partnership_university_nhs_foundation_trust,,,,,,,,,,,,,,east_of_england
rdu,frimley_health_nhs_foundation_trust,y57,q81,portsmouth_road,,frimley,camberley,surrey,gu167uj,19920401,NA,j,Q87,10C,south_east
rr7,gateshead_health_nhs_foundation_trust,y54,q74,queen_elizabeth_hospital,,,gateshead,tyne_and_wear,ne96sx,19980401,NA,a,Q74,13T,north_east_and_yorkshire
rlt,george_eliot_hospital_nhs_trust,y55,q77,lewes_house,college_street,,nuneaton,warwickshire,cv107dj,19940401,NA,f,Q77,05H,midlands
r1j,gloucestershire_health_and_care_nhs_foundation_trust,y57,q82,edward_jenner_court,1010_pioneer_avenue,gloucester_business_pk_brockworth,gloucester,gloucestershire,gl34aw,20130322,NA,j,Q86,11M,south_west
rte,gloucestershire_hospitals_nhs_foundation_trust,y57,q82,trust_hq,1_college_lawn,,cheltenham,gloucestershire,gl537ag,20020401,NA,j,Q86,11M,south_west
rp4,great_ormond_street_hospital_for_children_nhs_foundation_trust,y56,q71,great_ormond_street,,,london,greater_london,wc1n3jh,19940401,NA,h,Q71,07R,london
rn3,great_western_hospitals_nhs_foundation_trust,y57,q82,great_western_hospital,marlborough_road,,swindon,wiltshire,sn36bb,19940401,NA,j,Q86,12D,south_west
rxv,greater_manchester_mental_health_nhs_foundation_trust,y54,q83,prestwich_hospital,bury_new_road,prestwich,manchester,greater_manchester,m253bl,20030401,NA,b,Q83,00V,north_west
rj1,guy_s_and_st_thomas_nhs_foundation_trust,y56,q71,trust_offices,guy_s_hospital,great_maze_pond,london,greater_london,se19rt,19930401,NA,h,Q71,08Q,london
rn5,hampshire_hospitals_nhs_foundation_trust,y57,q70,aldermaston_road,,,basingstoke,hampshire,rg249na,19940401,NA,j,Q87,10J,south_east
rcd,harrogate_and_district_nhs_foundation_trust,y54,q72,strayside_wing,harrogate_district_hospital,lancaster_park_road,harrogate,north_yorkshire,hg27sx,19920401,NA,d,Q72,03E,north_east_and_yorkshire
rr1,heart_of_england_nhs_foundation_trust,y55,q77,birmingham_heartlands_hospital,bordesley_green_east,,birmingham,west_midlands,b95st,19960401,NA,f,Q77,15E,midlands
,herefordshire_and_worcestershire_health_and_care_nhs_trust,y55,q78,14_tewin_road,,,welwyn_garden_city,hertfordshire,al71bw,20101101,NA,e,Q79,06K,midlands
ry4,hertfordshire_community_nhs_trust,y55,q78,14_tewin_road,,,welwyn_garden_city,hertfordshire,al71bw,20101101,NA,e,Q79,06K,east_of_england
rwr,hertfordshire_partnership_university_nhs_foundation_trust,y55,q78,99_waverley_road,,,st_albans,hertfordshire,al35tl,20010401,NA,e,Q79,06N,east_of_england
rqq,hinchingbrooke_health_care_nhs_trust,y55,q79,hinchingbrooke_hospital,,,huntingdon,cambridgeshire,pe296nt,19950401,NA,g,Q79,06H,east_of_england
rqx,homerton_university_hospital_nhs_foundation_trust,y56,q71,homerton_row,,,london,greater_london,e96sr,19950401,NA,h,Q71,07T,london
ry9,hounslow_and_richmond_community_healthcare_nhs_trust,y56,q71,thames_house,180_194_high_street,,teddington,middlesex,tw118hu,20110401,NA,h,Q71,08P,london
rwa,hull_and_east_yorkshire_hospitals_nhs_trust,y54,q72,hull_royal_infirmary,anlaby_road,,hull,north_humberside,hu32jz,19991001,NA,d,Q72,03F,north_east_and_yorkshire
,hull_university_teaching_hospitals_nhs_trust,y54,q72,hull_royal_infirmary,anlaby_road,,hull,north_humberside,hu32jz,19991001,NA,d,Q72,03F,north_east_and_yorkshire
rv9,humber_nhs_foundation_trust,y54,q72,trust_hq_willerby_hill,beverley_road,willerby,hull,north_humberside,hu106ed,19991001,NA,d,Q72,02Y,north_east_and_yorkshire
,humber_teaching_nhs_foundation_trust,y54,q72,trust_hq_willerby_hill,beverley_road,willerby,hull,north_humberside,hu106ed,19991001,NA,d,Q72,02Y,north_east_and_yorkshire
ryj,imperial_college_healthcare_nhs_trust,y56,q71,st_marys_hospital,praed_street,,london,greater_london,w21ny,20071001,NA,h,Q71,08Y,london
rgq,ipswich_hospital_nhs_trust,y55,q79,heath_road,,,ipswich,suffolk,ip45pd,19930401,NA,g,Q79,06L,east_of_england
r1f,isle_of_wight_nhs_trust,y57,q70,st_mary_s_hospital,parkhurst_road,,newport,isle_of_wight,po305tg,20120401,NA,j,Q87,10L,south_east
rgp,james_paget_university_hospitals_nhs_foundation_trust,y55,q79,lowestoft_road,,gorleston,great_yarmouth,norfolk,nr316la,19930401,NA,g,Q79,06M,east_of_england
rxy,kent_and_medway_nhs_and_social_care_partnership_trust,y57,q81,35_kings_hill_avenue,kings_hill,,west_malling,kent,me194ax,20060401,NA,j,Q88,99J,south_east
ryy,kent_community_health_nhs_foundation_trust,y57,q81,unit_d_the_oast,hermitage_court,barming,maidstone,kent,me169nt,20101101,NA,j,Q88,99J,south_east
rnq,kettering_general_hospital_nhs_foundation_trust,y55,q78,rothwell_road,,,kettering,northamptonshire,nn168uz,19940401,NA,e,Q78,04G,midlands
rjz,king_s_college_hospital_nhs_foundation_trust,y56,q71,denmark_hill,,,london,greater_london,se59rs,19930401,NA,h,Q71,08K,london
rax,kingston_hospital_nhs_foundation_trust,y56,q71,galsworthy_road,,,kingston_upon_thames,surrey,kt27qb,19910401,NA,h,Q71,08J,london
rw5,lancashire_care_nhs_foundation_trust,y54,q84,sceptre_point,sceptre_way,bamber_bridge,preston,lancashire,pr56aw,20020401,NA,b,Q84,00X,north_west
rxn,lancashire_teaching_hospitals_nhs_foundation_trust,y54,q84,chief_executive_s_office,royal_preston_hospital,sharoe_green_lane_fulwood,preston,lancashire,pr29ht,20020801,NA,b,Q84,01E,north_west
rgd,leeds_and_york_partnership_nhs_foundation_trust,y54,q72,twenty_one_fifty,thorpe_park,,leeds,west_yorkshire,ls158zb,19930401,NA,d,Q72,15F,north_east_and_yorkshire
ry6,leeds_community_healthcare_nhs_trust,y54,q72,stockdale_house,8_victoria_road,,leeds,west_yorkshire,ls61pf,20110401,NA,d,Q72,15F,north_east_and_yorkshire
rr8,leeds_teaching_hospitals_nhs_trust,y54,q72,st_james_s_university_hospital,beckett_street,,leeds,west_yorkshire,ls97tf,19980401,NA,d,Q72,15F,north_east_and_yorkshire
rt5,leicestershire_partnership_nhs_trust,y55,q78,riverside_house,bridge_park_plaza,bridge_park_road_thurmaston,leicester,leicestershire,le48pq,19990401,NA,e,Q78,04V,midlands
rj2,lewisham_and_greenwich_nhs_trust,y56,q71,university_hospital_lewisham,lewisham_high_street,,london,greater_london,se136lh,19930401,NA,h,Q71,08L,london
ry5,lincolnshire_community_health_services_nhs_trust,y55,q78,beech_house,witham_park,waterside_south,lincoln,lincolnshire,ln57jh,20110401,NA,e,Q78,04D,midlands
rp7,lincolnshire_partnership_nhs_foundation_trust,y55,q78,unit_s_8_9,the_point,lions_way,sleaford,lincolnshire,ng348gg,20010401,NA,e,Q78,04Q,midlands
ry1,liverpool_community_health_nhs_trust,y54,q75,2_enterprise_way,,,liverpool,merseyside,l131fb,20101101,NA,b,Q75,99A,north_west
rbq,liverpool_heart_and_chest_hospital_nhs_foundation_trust,y54,q75,thomas_drive,,,liverpool,merseyside,l143pe,19910401,NA,b,Q75,99A,north_west
rq6,liverpool_university_hospitals_nhs_foundation_trust,y54,q75,royal_liverpool_university_hospital,prescot_street,,liverpool,merseyside,l78xp,19950401,NA,b,Q75,99A,north_west
rep,liverpool_women_s_nhs_foundation_trust,y54,q75,liverpool_womens_hospital,crown_street,,liverpool,merseyside,l87ss,19920401,NA,b,Q75,99A,north_west
rru,london_ambulance_service_nhs_trust,y56,q71,220_waterloo_road,,,london,greater_london,se18sd,19960401,NA,h,Q71,08K,london
r1k,london_north_west_university_healthcare_nhs_trust,y56,q71,northwick_park_hospital,watford_road,,harrow,middlesex,ha13uj,20141001,NA,h,Q71,07P,london
rc9,luton_and_dunstable_university_hospital_nhs_foundation_trust,y55,q78,lewsey_road,,,luton,bedfordshire,lu40dz,19920401,NA,e,Q79,06P,east_of_england
rwf,maidstone_and_tunbridge_wells_nhs_trust,y57,q81,maidstone_hospital,hermitage_lane,,maidstone,kent,me169qq,20000401,NA,j,Q88,99J,south_east
rw3,manchester_university_nhs_foundation_trust,y54,q83,trust_headquarters_cobbett_house,manchester_royal_infirmary,oxford_road,manchester,greater_manchester,m139wl,20010401,NA,b,Q83,14L,north_west
rpa,medway_nhs_foundation_trust,y57,q81,medway_maritime_hospital,windmill_road,,gillingham,kent,me75ny,19940401,NA,j,Q88,09W,south_east
rw4,mersey_care_nhs_foundation_trust,y54,q75,8_princes_parade,,,liverpool,merseyside,l31dl,20010401,NA,b,Q75,99A,north_west
rbt,mid_cheshire_hospitals_nhs_foundation_trust,y54,q75,leighton_hospital,leighton,,crewe,cheshire,cw14qj,19910401,NA,b,Q75,01R,north_west
rq8,mid_and_south_essex_nhs_foundation_trust,y55,q79,broomfield_hospital,court_road,,chelmsford,essex,cm17et,19950401,NA,g,Q79,06Q,east_of_england
rjd,mid_staffordshire_nhs_foundation_trust,y55,q76,stafford_hospital,weston_road,,stafford,staffordshire,st163sa,19930401,NA,e,Q76,05V,midlands
rxf,mid_yorkshire_hospitals_nhs_trust,y54,q72,rowan_house,aberford_road,,wakefield,west_yorkshire,wf14ee,20020401,NA,d,Q72,03R,north_east_and_yorkshire
,midlands_partnership_nhs_foundation_trust,,,,,,,,,,,,,,midlands
rd8,milton_keynes_university_hospital_nhs_foundation_trust,y55,q78,standing_way,eaglestone,,milton_keynes,buckinghamshire,mk65ld,19920401,NA,e,Q79,04F,east_of_england
rp6,moorfields_eye_hospital_nhs_foundation_trust,y56,q71,162_city_road,,,london,greater_london,ec1v2pd,19940401,NA,h,Q71,08H,london
,nhs_nightingale_hospital_birmingham,,,,,,,,,,,,,,midlands
,nhs_nightingale_hospital_exeter,,,,,,,,,,,,,,south_west
,nhs_nightingale_hospital_london,,,,,,,,,,,,,,london
,nhs_nightingale_hospital_north_west,,,,,,,,,,,,,,north_west
,nhs_nightingale_hospital_yorkshire_and_the_humber,,,,,,,,,,,,,,north_east_and_yorkshire
rm1,norfolk_and_norwich_university_hospitals_nhs_foundation_trust,y55,q79,colney_lane,colney,,norwich,norfolk,nr47uy,19940401,NA,g,Q79,06Y,east_of_england
rmy,norfolk_and_suffolk_nhs_foundation_trust,y55,q79,hellesdon_hospital,drayton_high_road,,norwich,norfolk,nr65be,19940401,NA,g,Q79,06W,east_of_england
ry3,norfolk_community_health_and_care_nhs_trust,y55,q79,elliot_house,130_ber_street,,norwich,norfolk,nr13fr,20101101,NA,g,Q79,06W,east_of_england
rvj,north_bristol_nhs_trust,y57,q80,southmead_hospital,southmead_road,westbury_on_trym,bristol,avon,bs105nb,19990401,NA,k,Q86,15C,south_west
,north_cumbria_integrated_care_nhs_foundation_trust,y54,q74,west_cumberland_hospital,hensingham,,whitehaven,cumbria,ca288jg,20010401,NA,a,Q74,01H,north_east_and_yorkshire
rnl,north_cumbria_university_hospitals_nhs_trust,y54,q74,west_cumberland_hospital,hensingham,,whitehaven,cumbria,ca288jg,20010401,NA,a,Q74,01H,north_east_and_yorkshire
rx6,north_east_ambulance_service_nhs_foundation_trust,y54,q74,benicia_house,goldcrest_way,newburn_riverside,newcastle_upon_tyne,tyne_and_wear,ne158ny,20060701,NA,a,Q74,13T,north_east_and_yorkshire
rat,north_east_london_nhs_foundation_trust,y56,q71,tantallon_house,goodmayes_hospital_site,barley_lane,ilford,essex,ig38xj,20010401,NA,h,Q71,08N,london
rrd,north_essex_partnership_university_nhs_foundation_trust,y55,q79,stapleford_house,stapleford_close,,chelmsford,essex,cm20qx,20010401,NA,g,Q79,06Q,east_of_england
rap,north_middlesex_university_hospital_nhs_trust,y56,q71,sterling_way,,,london,greater_london,n181qx,19910401,NA,h,Q71,07X,london
rly,north_staffordshire_combined_healthcare_nhs_trust,y55,q76,bellringer_road,trentham,,stoke_on_trent,staffordshire,st48hh,19940401,NA,e,Q76,05W,midlands
rvw,north_tees_and_hartlepool_nhs_foundation_trust,y54,q74,university_hospital_of_hartlepool,holdforth_road,,hartlepool,cleveland,ts249ah,19990401,NA,a,Q74,00K,north_east_and_yorkshire
rx7,north_west_ambulance_service_nhs_trust,y54,q83,ladybridge_hall,399_chorley_new_road,,bolton,lancashire,bl15dd,20060701,NA,b,Q83,00T,north_west
,north_west_anglia_nhs_foundation_trust,,,,,,,,pe39gz,NA,NA,,Q79,06H,east_of_england
,north_west_boroughs_healthcare_nhs_foundation_trust,,,,,,,,,,,,,,north_west
rns,northampton_general_hospital_nhs_trust,y55,q78,cliftonville,,,northampton,northamptonshire,nn15bd,19940401,NA,e,Q78,04G,midlands
rp1,northamptonshire_healthcare_nhs_foundation_trust,y55,q78,sudborough_house,st_marys_hospital,77_london_road,kettering,northamptonshire,nn157pw,20010401,NA,e,Q78,04G,midlands
rbz,northern_devon_healthcare_nhs_trust,y57,q80,north_devon_district_hospital,raleigh_park,,barnstaple,devon,ex314jb,19910401,NA,k,Q85,15N,south_west
rjl,northern_lincolnshire_and_goole_nhs_foundation_trust,y54,q72,diana_princess_of_wales_hospital,scartho_road,,grimsby,south_humberside,dn332ba,20010401,NA,d,Q72,03H,north_east_and_yorkshire
rx4,northumberland_tyne_and_wear_nhs_foundation_trust,y54,q74,st_nicholas_hospital,jubilee_road,gosforth,newcastle_upon_tyne,tyne_and_wear,ne33xt,20060401,NA,a,Q74,13T,north_east_and_yorkshire
rtf,northumbria_healthcare_nhs_foundation_trust,y54,q74,rake_lane,,,north_shields,tyne_and_wear,ne298nh,19980401,NA,a,Q74,99C,north_east_and_yorkshire
rx1,nottingham_university_hospitals_nhs_trust,y55,q76,trust_headquarters,queens_medical_centre,derby_road,nottingham,nottinghamshire,ng72uh,20060401,NA,e,Q76,04K,midlands
rha,nottinghamshire_healthcare_nhs_foundation_trust,y55,q76,the_resource_trust_hq,duncan_macmillan_house,porchester_road,nottingham,nottinghamshire,ng36aa,20010401,NA,e,Q76,04K,midlands
rnu,oxford_health_nhs_foundation_trust,y57,q82,corporate_headquarters,4000_john_smith_drive,oxford_business_park_south,oxford,oxfordshire,ox42gx,19940401,NA,j,Q87,10Q,south_east
rth,oxford_university_hospitals_nhs_foundation_trust,y57,q82,john_radcliffe_hospital,headley_way,headington,oxford,oxfordshire,ox39du,19980401,NA,j,Q87,10Q,south_east
rpg,oxleas_nhs_foundation_trust,y56,q71,pinewood_house,pinewood_place,,dartford,kent,da27wg,19940401,NA,h,Q88,09J,south_east
rgm,papworth_hospital_nhs_foundation_trust,y55,q79,papworth_everard,,,cambridge,cambridgeshire,cb233re,19930401,NA,g,Q79,06H,east_of_england
rw6,pennine_acute_hospitals_nhs_trust,y54,q83,trust_headquarters,north_manchester_general_hospital,delaunays_road_crumpsall,manchester,greater_manchester,m85rb,20020401,NA,b,Q83,14L,north_west
rt2,pennine_care_nhs_foundation_trust,y54,q83,225_old_street,,,ashton_under_lyne,lancashire,ol67sr,20020401,NA,b,Q83,01Y,north_west
rgn,peterborough_and_stamford_hospitals_nhs_foundation_trust,y55,q79,edith_cavell_hospital,bretton_gate,bretton,peterborough,cambridgeshire,pe39gz,19930401,NA,g,Q79,06H,east_of_england
rk9,plymouth_hospitals_nhs_trust,y57,q80,derriford_hospital,derriford_road,,plymouth,devon,pl68dh,19940401,NA,k,Q85,15N,south_west
rd3,poole_hospital_nhs_foundation_trust,y57,q70,longfleet_road,,,poole,dorset,bh152jb,19920401,NA,j,Q85,11J,south_west
rhu,portsmouth_hospitals_university_national_health_service_trust,y57,q70,de_la_court_house,queen_alexandra_hospital,southwick_hill_road,portsmouth,hampshire,po63ly,19930401,NA,j,Q87,10R,south_east
ryt,public_health_wales_nhs_trust,w00,q99,14_cathedral_road,,,cardiff,south_glamorgan,cf119lj,20091001,NA,w,NA,NA,NA
rpc,queen_victoria_hospital_nhs_foundation_trust,y57,q81,holtye_road,,,east_grinstead,west_sussex,rh193dz,19940401,NA,j,Q88,09X,south_east
rxe,rotherham_doncaster_and_south_humber_nhs_foundation_trust,y54,q72,st_catherine_s_house,st_catherine_s_hospital,tickhill_road,doncaster,south_yorkshire,dn48qn,20040401,NA,d,Q72,02X,north_east_and_yorkshire
rhw,royal_berkshire_nhs_foundation_trust,y57,q82,royal_berkshire_hospital,london_road,,reading,berkshire,rg15an,19930401,NA,j,Q87,15A,south_east
rt3,royal_brompton_harefield_nhs_foundation_trust,y56,q71,royal_brompton_hospital,sydney_street,,london,greater_london,sw36np,19980401,NA,h,Q71,08Y,london
ref,royal_cornwall_hospitals_nhs_trust,y57,q80,royal_cornwall_hospital,,treliske,truro,cornwall,tr13lj,19920401,NA,k,Q85,11N,south_west
rh8,royal_devon_and_exeter_nhs_foundation_trust,y57,q80,royal_devon_exeter_hospital,barrack_road,,exeter,devon,ex25dw,19930401,NA,k,Q85,15N,south_west
ral,royal_free_london_nhs_foundation_trust,y56,q71,royal_free_hospital,pond_street,,london,greater_london,nw32qg,19910401,NA,h,Q71,07R,london
ran,royal_national_orthopaedic_hospital_nhs_trust,y56,q71,brockley_hill,,,stanmore,middlesex,ha74lp,19910401,NA,h,Q71,08E,london
,royal_papworth_hospital_nhs_foundation_trust,,,,,,,,,,,,,,east_of_england
ra2,royal_surrey_county_hospital_nhs_foundation_trust,y57,q81,egerton_road,,,guildford,surrey,gu27xx,19910401,NA,j,Q88,09N,south_east
rd1,royal_united_hospitals_bath_nhs_foundation_trust,y57,q82,combe_park,,,bath,avon,ba13ng,19920401,NA,j,Q86,11E,south_west
rm3,salford_royal_nhs_foundation_trust,y54,q83,salford_royal,stott_lane,,salford,greater_manchester,m68hd,19940401,NA,b,Q83,01G,north_west
rnz,salisbury_nhs_foundation_trust,y57,q82,salisbury_district_hospital,odstock_road,,salisbury,wiltshire,sp28bj,19940401,NA,j,Q86,99N,south_west
rxk,sandwell_and_west_birmingham_hospitals_nhs_trust,y55,q77,city_hospital,dudley_road,,birmingham,west_midlands,b187qh,20020401,NA,f,Q77,05L,midlands
rcu,sheffield_children_s_nhs_foundation_trust,y54,q72,western_bank,,,sheffield,south_yorkshire,s102th,19920401,NA,d,Q72,03N,north_east_and_yorkshire
rhq,sheffield_teaching_hospitals_nhs_foundation_trust,y54,q72,northern_general_hospital,herries_road,,sheffield,south_yorkshire,s57au,20010401,NA,d,Q72,03N,north_east_and_yorkshire
rk5,sherwood_forest_hospitals_nhs_foundation_trust,y55,q76,mansfield_road,,,sutton_in_ashfield,nottinghamshire,ng174jl,19940401,NA,e,Q76,04E,midlands
rxw,shrewsbury_and_telford_hospital_nhs_trust,y55,q76,mytton_oak_road,,,shrewsbury,shropshire,sy38xq,20031001,NA,e,Q76,05N,midlands
r1d,shropshire_community_health_nhs_trust,y55,q76,william_farr_house,mytton_oak_road,,shrewsbury,shropshire,sy38xl,20110701,NA,e,Q76,05N,midlands
r1c,solent_nhs_trust,y57,q70,solent_nhs_trust_headquarters,highpoint_venue,bursledon_road,southampton,hampshire,so198br,20110401,NA,j,Q87,10X,south_east
rh5,somerset_nhs_foundation_trust,y57,q80,2nd_floor,mallard_court,express_park_bristol_road,bridgwater,somerset,ta64rn,19930401,NA,k,Q85,11X,south_west
rye,south_central_ambulance_service_nhs_foundation_trust,y57,q82,7_8_talisman_road,,,bicester,oxfordshire,ox266hr,20060701,NA,j,Q87,10Q,south_east
ryd,south_east_coast_ambulance_service_nhs_foundation_trust,y57,q81,40_42_friars_walk,,,lewes,east_sussex,bn72xw,20060701,NA,j,Q88,99K,south_east
rwn,south_essex_partnership_university_nhs_foundation_trust,y55,q79,the_lodge_runwell_hospital,runwell_chase,runwell,wickford,essex,ss117xx,20000401,NA,g,Q79,06Q,east_of_england
rv5,south_london_and_maudsley_nhs_foundation_trust,y56,q71,maudsley_hospital,denmark_hill,,london,greater_london,se58az,19990401,NA,h,Q71,08Q,london
rre,south_staffordshire_and_shropshire_healthcare_nhs_foundation_trust,y55,q76,trust_headquarters,st_georges_hospital,corporation_street,stafford,staffordshire,st163sr,20010401,NA,e,Q76,05V,midlands
rtr,south_tees_hospitals_nhs_foundation_trust,y54,q74,james_cook_university_hospital,marton_road,,middlesbrough,cleveland,ts43bw,20020401,NA,a,Q74,00M,north_east_and_yorkshire
re9,south_tyneside_and_sunderland_nhs_foundation_trust,y54,q74,south_tyneside_district_hospital,harton_lane,,south_shields,tyne_and_wear,ne340pl,19930401,NA,a,Q74,00N,north_east_and_yorkshire
rjc,south_warwickshire_nhs_foundation_trust,y55,q77,warwick_hospital,lakin_road,,warwick,warwickshire,cv345bw,19930401,NA,f,Q77,05R,midlands
rqy,south_west_london_and_st_george_s_mental_health_nhs_trust,y56,q71,springfield_hospital,61_glenburnie_road,,london,greater_london,sw177dj,19950401,NA,h,Q71,08X,london
rxg,south_west_yorkshire_partnership_nhs_foundation_trust,y54,q72,trust_headquarters,fieldhead,ouchthorpe_lane,wakefield,west_yorkshire,wf13sp,20020401,NA,d,Q72,03R,north_east_and_yorkshire
ryf,south_western_ambulance_service_nhs_foundation_trust,y57,q80,westcountry_house,abbey_court_eagle_way,sowton_industrial_estate,exeter,devon,ex27hy,20060701,NA,k,Q85,15N,south_west
raj,southend_university_hospital_nhs_foundation_trust,y55,q79,prittlewell_chase,,,westcliff_on_sea,essex,ss00ry,19910401,NA,g,Q79,99G,east_of_england
rw1,southern_health_nhs_foundation_trust,y57,q70,maples_buildings,tatchbury_mount_hospital,calmore,southampton,hampshire,so402rz,20010401,NA,j,Q87,11A,south_east
rvy,southport_and_ormskirk_hospital_nhs_trust,y54,q75,town_lane,,,southport,merseyside,pr86pn,19990401,NA,b,Q75,01V,north_west
rj7,st_george_s_university_hospitals_nhs_foundation_trust,y56,q71,st_george_s_hospital,blackshaw_road,tooting,london,greater_london,sw170qt,19930401,NA,h,Q71,08X,london
rbn,st_helens_and_knowsley_teaching_hospitals_nhs_trust,y54,q75,whiston_hospital,warrington_road,,prescot,merseyside,l355dr,19910401,NA,b,Q75,01J,north_west
r1e,staffordshire_and_stoke_on_trent_partnership_nhs_trust,y55,q76,2nd_floor_morston_house,,,newcastle_under_lyme,staffordshire,st51qg,20110901,NA,e,Q76,05G,midlands
rwj,stockport_nhs_foundation_trust,y54,q83,stepping_hill_hospital,poplar_grove,,stockport,cheshire,sk27je,20000401,NA,b,Q83,01W,north_west
rxx,surrey_and_borders_partnership_nhs_foundation_trust,y57,q81,18_mole_business_park,randalls_road,,leatherhead,surrey,kt227ad,20050401,NA,j,Q88,99H,south_east
rtp,surrey_and_sussex_healthcare_nhs_trust,y57,q81,east_surrey_hospital,canada_avenue,,redhill,surrey,rh15rh,19980401,NA,j,Q88,09L,south_east
rdr,sussex_community_nhs_foundation_trust,y57,q81,brighton_general_hospital,elm_grove,,brighton,east_sussex,bn23ew,19920401,NA,j,Q88,09D,south_east
rx2,sussex_partnership_nhs_foundation_trust,y57,q81,assessment_and_treatment_centre,chapel_street,,chichester,west_sussex,po191bx,20060401,NA,j,Q88,09G,south_east
rmp,tameside_and_glossop_integrated_care_nhs_foundation_trust,y54,q83,tameside_general_hospital,fountain_street,,ashton_under_lyne,lancashire,ol69rw,19940401,NA,b,Q83,01Y,north_west
rba,taunton_and_somerset_nhs_foundation_trust,y57,q80,musgrove_park_hospital,,,taunton,somerset,ta15da,19910401,NA,k,Q85,11X,south_west
rnk,tavistock_and_portman_nhs_foundation_trust,y56,q71,the_tavistock_centre,120_belsize_lane,,london,greater_london,nw35ba,19940401,NA,h,Q71,07R,london
rx3,tees_esk_and_wear_valleys_nhs_foundation_trust,y54,q74,trust_headquarters,west_park_hospital,edward_pease_way,darlington,county_durham,dl22ts,20060401,NA,a,Q74,00C,north_east_and_yorkshire
rbv,the_christie_nhs_foundation_trust,y54,q83,550_wilmslow_road,withington,,manchester,greater_manchester,m204bx,19910401,NA,b,Q83,14L,north_west
ren,the_clatterbridge_cancer_centre_nhs_foundation_trust,y54,q75,clatterbridge_road,,bebington,wirral,merseyside,ch634jy,19920401,NA,b,Q75,12F,north_west
rna,the_dudley_group_nhs_foundation_trust,y55,q77,c_block,russells_hall_hospital,pensnett_road,dudley,west_midlands,dy12hq,19940401,NA,f,Q77,05C,midlands
ras,the_hillingdon_hospitals_nhs_foundation_trust,y56,q71,pield_heath_road,,,uxbridge,middlesex,ub83nn,19910401,NA,h,Q71,08G,london
rtd,the_newcastle_upon_tyne_hospitals_nhs_foundation_trust,y54,q74,freeman_hospital,freeman_road,high_heaton,newcastle_upon_tyne,tyne_and_wear,ne77dn,19980401,NA,a,Q74,13T,north_east_and_yorkshire
rqw,the_princess_alexandra_hospital_nhs_trust,y55,q79,hamstel_road,,,harlow,essex,cm201qx,19950401,NA,g,Q79,07H,east_of_england
rcx,the_queen_elizabeth_hospital_king_s_lynn_nhs_foundation_trust,y55,q79,queen_elizabeth_hospital,gayton_road,,kings_lynn,norfolk,pe304et,19920401,NA,g,Q79,07J,east_of_england
rl1,the_robert_jones_and_agnes_hunt_orthopaedic_hospital_nhs_foundation_trust,y55,q76,gobowen,,,oswestry,shropshire,sy107ag,19940401,NA,e,Q76,05N,midlands
rfr,the_rotherham_nhs_foundation_trust,y54,q72,moorgate_road,,,rotherham,south_yorkshire,s602ud,19930401,NA,d,Q72,03L,north_east_and_yorkshire
rdz,the_royal_bournemouth_and_christchurch_hospitals_nhs_foundation_trust,y57,q70,royal_bournemouth_general_hospital,castle_lane_east,,bournemouth,dorset,bh77dw,19920401,NA,j,Q85,11J,south_west
rpy,the_royal_marsden_nhs_foundation_trust,y56,q71,fulham_road,,,london,greater_london,sw36jj,19940401,NA,h,Q71,08Y,london
rrj,the_royal_orthopaedic_hospital_nhs_foundation_trust,y55,q77,the_woodlands,bristol_road_south,northfield,birmingham,west_midlands,b312ap,19950401,NA,f,Q77,15E,midlands
rl4,the_royal_wolverhampton_nhs_trust,y55,q77,new_cross_hospital,wolverhampton_road,heath_town,wolverhampton,west_midlands,wv100qp,19940401,NA,f,Q77,06A,midlands
,the_shrewsbury_and_telford_hospital_nhs_trust,,,,,,,,,,,,,,midlands
ret,the_walton_centre_nhs_foundation_trust,y54,q75,lower_lane,,,liverpool,merseyside,l97lj,19920401,NA,b,Q75,99A,north_west
rke,the_whittington_hospital_nhs_trust,y56,q71,the_whittington_hospital,magdala_avenue,,london,greater_london,n195nf,19930401,NA,h,Q71,08H,london
ra9,torbay_and_south_devon_nhs_foundation_trust,y57,q80,hengrave_house,torbay_hospital,newton_road,torquay,devon,tq27aa,19910401,NA,k,Q85,15N,south_west
r1g,torbay_and_southern_devon_health_and_care_nhs_trust,y57,q80,bay_house_unit_2,riviera_park,nicholson_road,torquay,devon,tq27td,20120401,20150930,k,Q85,15N,south_west
rwd,united_lincolnshire_hospitals_nhs_trust,y55,q78,lincoln_county_hospital,greetwell_road,,lincoln,lincolnshire,ln24ax,20000401,NA,e,Q78,04D,midlands
rrv,university_college_london_hospitals_nhs_foundation_trust,y56,q71,250_euston_road,,,london,greater_london,nw12pg,19960401,NA,h,Q71,07R,london
rm2,university_hospital_of_south_manchester_nhs_foundation_trust,y54,q83,wythenshawe_hospital,southmoor_road,wythenshawe,manchester,greater_manchester,m239lt,19940401,NA,b,Q83,14L,north_west
rhm,university_hospital_southampton_nhs_foundation_trust,y57,q70,mailpoint_18,southampton_general_hospital,tremona_road,southampton,hampshire,so166yd,19930401,NA,j,Q87,10X,south_east
rrk,university_hospitals_birmingham_nhs_foundation_trust,y55,q77,trust_hq_po_box_9551,queen_elizabeth_medical_centre,edgbaston,birmingham,west_midlands,b152th,19950401,NA,f,Q77,15E,midlands
ra7,university_hospitals_bristol_and_weston_nhs_foundation_trust,y57,q80,marlborough_street,,,bristol,avon,bs13nu,19910401,NA,k,Q86,15C,south_west
rkb,university_hospitals_coventry_and_warwickshire_nhs_trust,y55,q77,walsgrave_general_hospital,clifford_bridge_road,,coventry,west_midlands,cv22dx,19930401,NA,f,Q77,05A,midlands
,university_hospitals_dorset_nhs_foundation_trust,,,,,,,,,,,,,,south_west
,university_hospitals_of_derby_and_burton_nhs_foundation_trust,,,,,,,,,,,,,,midlands
rwe,university_hospitals_of_leicester_nhs_trust,y55,q78,gwendolen_house,gwendolen_road,,leicester,leicestershire,le54qf,20000401,NA,e,Q78,04C,midlands
rtx,university_hospitals_of_morecambe_bay_nhs_foundation_trust,y54,q74,westmorland_general_hospital,burton_road,,kendal,cumbria,la97rg,19980401,NA,a,Q84,01K,north_west
rje,university_hospitals_of_north_midlands_nhs_trust,y55,q76,newcastle_road,,,stoke_on_trent,staffordshire,st46qg,19930401,NA,e,Q76,05W,midlands
,university_hospitals_plymouth_nhs_trust,,,,,,,,,,,,,,south_west
rqf,velindre_nhs_trust,w00,q99,unit_2,charnwood_court,heol_billingsley,cardiff,south_glamorgan,cf157qz,19940401,NA,w,NA,NA,NA
rbk,walsall_healthcare_nhs_trust,y55,q77,manor_hospital,moat_road,,walsall,west_midlands,ws29ps,19910401,NA,f,Q77,05Y,midlands
rww,warrington_and_halton_teaching_hospitals_nhs_foundation_trust,y54,q75,warrington_hospital,lovely_lane,,warrington,cheshire,wa51qg,20010401,NA,b,Q75,02E,north_west
rt4,welsh_ambulance_services_nhs_trust,w00,q99,po_box_1064,hm_stanley_hospital,,st_asaph,clwyd,ll170wa,19980401,NA,w,NA,NA,NA
rwg,west_hertfordshire_hospitals_nhs_trust,y55,q78,trust_offices,watford_general_hospital,vicarage_road,watford,hertfordshire,wd180hb,20000401,NA,e,Q79,06N,east_of_england
rkl,west_london_mental_health_nhs_trust,y56,q71,trust_headquarters,st_bernards_hospital,uxbridge_road,southall,middlesex,ub13eu,20010401,NA,h,Q71,07W,london
,west_london_nhs_trust,y56,q71,trust_headquarters,st_bernards_hospital,uxbridge_road,southall,middlesex,ub13eu,20010401,NA,h,Q71,07W,london
rfw,west_middlesex_university_hospital_nhs_trust,y56,q71,twickenham_road,,,isleworth,middlesex,tw76af,19930401,20150831,h,Q71,07Y,london
rya,west_midlands_ambulance_service_nhs_foundation_trust,y55,q77,waterfront_business_park,waterfront_way,,brierley_hill,west_midlands,dy51lx,20060701,NA,f,Q77,05C,midlands
rgr,west_suffolk_nhs_foundation_trust,y55,q79,hardwick_lane,,,bury_st_edmunds,suffolk,ip332qz,19930401,NA,g,Q79,07K,east_of_england
ryr,western_sussex_hospitals_nhs_foundation_trust,y57,q81,worthing_hospital,lyndhurst_road,,worthing,west_sussex,bn112dh,20090401,NA,j,Q88,09G,south_east
ra3,weston_area_health_nhs_trust,y57,q80,weston_general_hospital,grange_road,uphill,weston_super_mare,avon,bs234tq,19910401,NA,k,Q86,15C,south_west
,whittington_health_nhs_trust,,,,,,,,,,,,,,london
ry7,wirral_community_health_and_care_nhs_foundation_trust,y54,q75,old_market_house,hamilton_street,,birkenhead,merseyside,ch415al,20110401,NA,b,Q75,12F,north_west
rbl,wirral_university_teaching_hospital_nhs_foundation_trust,y54,q75,arrowe_park_hospital,arrowe_park_road,upton,wirral,merseyside,ch495pe,19910401,NA,b,Q75,12F,north_west
rwp,worcestershire_acute_hospitals_nhs_trust,y55,q77,worcestershire_royal_hospital,charles_hastings_way,,worcester,worcestershire,wr51dd,20000401,NA,f,Q77,05T,midlands
r1a,worcestershire_health_and_care_nhs_trust,y55,q77,isaac_maddox_house,shrub_hill_industrial_estate,,worcester,worcestershire,wr49rw,20110701,NA,f,Q77,05T,midlands
rrf,wrightington_wigan_and_leigh_nhs_foundation_trust,y54,q83,the_elms,royal_albert_edward_infirmary,wigan_lane,wigan,lancashire,wn12nn,20010401,NA,b,Q83,02H,north_west
rlq,wye_valley_nhs_trust,y55,q77,county_hospital,union_walk,,hereford,herefordshire,hr12er,19940401,NA,f,Q77,05F,midlands
ra4,yeovil_district_hospital_nhs_foundation_trust,y57,q80,yeovil_district_hospital,higher_kingston,,yeovil,somerset,ba214at,19910401,NA,k,Q85,11X,south_west
rcb,york_teaching_hospital_nhs_foundation_trust,y54,q72,york_hospital,wigginton_road,,york,north_yorkshire,yo318he,19920401,NA,d,Q72,03Q,north_east_and_yorkshire
rx8,yorkshire_ambulance_service_nhs_trust,y54,q72,springhill_2,wakefield_41_industrial_estate,brindley_way,wakefield,west_yorkshire,wf20xq,20060701,NA,d,Q72,03R,north_east_and_yorkshire
